gauge_id,ALFA_0_5cm,ALFA_100_200cm,ALFA_15_30cm,ALFA_200_2000cm,ALFA_30_60cm,ALFA_5_15cm,ALFA_60_100cm,Ksat_0_5cm,Ksat_100_200cm,Ksat_15_30cm,Ksat_200_2000cm,Ksat_30_60cm,Ksat_5_15cm,Ksat_60_100cm,N_0_5cm,N_100_200cm,N_15_30cm,N_200_2000cm,N_30_60cm,N_5_15cm,N_60_100cm,WCres_0_5cm,WCres_100_200cm,WCres_15_30cm,WCres_200_2000cm,WCres_30_60cm,WCres_5_15cm,WCres_60_100cm,WCsat_0_5cm,WCsat_100_200cm,WCsat_15_30cm,WCsat_200_2000cm,WCsat_30_60cm,WCsat_5_15cm,WCsat_60_100cm
94001,0.0053345824411134,0.0069757782902322,0.0109950831823422,0.01,0.0078708367649481,0.0050723274584088,0.0073100971833305,18.860596540932303,12.28556797891616,21.59492195684401,3.7151021369302822e-06,10.620909108878276,17.255209619502555,12.41947250864767,1.332917805962774,1.3933010047768075,1.3628963926865427,5.0,1.4166976115961127,1.3173190578158458,1.4000176577170154,0.041,0.041,0.041,0.2,0.041,0.041,0.041,0.6184368308351178,0.5414725415911711,0.5759373414593972,0.3,0.5597338165046944,0.6008476363037392,0.5439818810739582
93001,0.007456146572104,0.0091157210401891,0.0150458628841607,0.01,0.0106589834515366,0.0070480378250591,0.0096562884160756,19.37633437352246,13.251425437352244,23.06616586288416,3.925320972314365e-06,11.259011631205674,18.229769078014183,13.333623829787234,1.362300047281324,1.419593475177305,1.3907721985815602,5.0,1.4472,1.343363404255319,1.4274997635933808,0.041,0.041,0.041,0.2,0.041,0.041,0.041,0.6222523877068559,0.5414058628841608,0.5732733333333334,0.3,0.5577800945626478,0.6015751300236407,0.5432084160756501
