gauge_id,mean,min,max,percentile_10,percentile_50,percentile_90
94001,311.263404234634,2.0,1003.6139526367188,30.025156021118164,309.0,579.9806945800782
93001,356.4381917226534,5.0,1050.3948974609375,85.8237075805664,340.7731018066406,641.9799194335938
